[
    {
        "name": "India",
        "code": "IN",
        "states": [
            {
                "name": "Andaman and Nicobar Islands",
                "code": "AN",
                "cities": [
                    "Port Blair"
                ]
            },
            {
                "name": "Andhra Pradesh",
                "code": "AP",
                "cities": [
                    "Visakhapatnam",
                    "Vijayawada",
                    "Guntur",
                    "Nellore",
                    "Kurnool",
                    "Rajahmundry",
                    "Tirupati",
                    "Kakinada",
                    "Kadapa",
                    "Anantapur"
                ]
            },
            {
                "name": "Arunachal Pradesh",
                "code": "AR",
                "cities": [
                    "Itanagar",
                    "Tawang",
                    "Pasighat",
                    "Ziro",
                    "Bomdila"
                ]
            },
            {
                "name": "Assam",
                "code": "AS",
                "cities": [
                    "Guwahati",
                    "Silchar",
                    "Dibrugarh",
                    "Jorhat",
                    "Nagaon",
                    "Tinsukia",
                    "Tezpur"
                ]
            },
            {
                "name": "Bihar",
                "code": "BR",
                "cities": [
                    "Patna",
                    "Gaya",
                    "Bhagalpur",
                    "Muzaffarpur",
                    "Purnia",
                    "Darbhanga",
                    "Bihar Sharif",
                    "Arrah",
                    "Begusarai",
                    "Katihar"
                ]
            },
            {
                "name": "Chandigarh",
                "code": "CH",
                "cities": [
                    "Chandigarh"
                ]
            },
            {
                "name": "Chhattisgarh",
                "code": "CG",
                "cities": [
                    "Raipur",
                    "Bhilai",
                    "Bilaspur",
                    "Korba",
                    "Rajnandgaon",
                    "Raigarh",
                    "Jagdalpur",
                    "Ambikapur"
                ]
            },
            {
                "name": "Dadra and Nagar Haveli and Daman and Diu",
                "code": "DN",
                "cities": [
                    "Daman",
                    "Diu",
                    "Silvassa"
                ]
            },
            {
                "name": "Delhi",
                "code": "DL",
                "cities": [
                    "New Delhi",
                    "Delhi",
                    "Noida",
                    "Gurgaon",
                    "Faridabad",
                    "Ghaziabad"
                ]
            },
            {
                "name": "Goa",
                "code": "GA",
                "cities": [
                    "Panaji",
                    "Vasco da Gama",
                    "Margao",
                    "Mapusa",
                    "Ponda"
                ]
            },
            {
                "name": "Gujarat",
                "code": "GJ",
                "cities": [
                    "Ahmedabad",
                    "Surat",
                    "Vadodara",
                    "Rajkot",
                    "Bhavnagar",
                    "Jamnagar",
                    "Junagadh",
                    "Gandhinagar",
                    "Anand",
                    "Navsari"
                ]
            },
            {
                "name": "Haryana",
                "code": "HR",
                "cities": [
                    "Faridabad",
                    "Gurgaon",
                    "Panipat",
                    "Ambala",
                    "Yamunanagar",
                    "Rohtak",
                    "Hisar",
                    "Karnal",
                    "Sonipat",
                    "Panchkula"
                ]
            },
            {
                "name": "Himachal Pradesh",
                "code": "HP",
                "cities": [
                    "Shimla",
                    "Dharamshala",
                    "Manali",
                    "Mandi",
                    "Solan",
                    "Una",
                    "Kullu",
                    "Hamirpur"
                ]
            },
            {
                "name": "Jammu and Kashmir",
                "code": "JK",
                "cities": [
                    "Srinagar",
                    "Jammu",
                    "Anantnag",
                    "Baramulla",
                    "Kathua",
                    "Udhampur"
                ]
            },
            {
                "name": "Jharkhand",
                "code": "JH",
                "cities": [
                    "Ranchi",
                    "Jamshedpur",
                    "Dhanbad",
                    "Bokaro",
                    "Deoghar",
                    "Hazaribagh",
                    "Giridih",
                    "Ramgarh"
                ]
            },
            {
                "name": "Karnataka",
                "code": "KA",
                "cities": [
                    "Bangalore",
                    "Mysore",
                    "Hubli-Dharwad",
                    "Mangalore",
                    "Belgaum",
                    "Gulbarga",
                    "Davangere",
                    "Bellary",
                    "Bijapur",
                    "Shimoga"
                ]
            },
            {
                "name": "Kerala",
                "code": "KL",
                "cities": [
                    "Thiruvananthapuram",
                    "Kochi",
                    "Kozhikode",
                    "Kollam",
                    "Thrissur",
                    "Kannur",
                    "Alappuzha",
                    "Palakkad",
                    "Kottayam"
                ]
            },
            {
                "name": "Ladakh",
                "code": "LA",
                "cities": [
                    "Leh",
                    "Kargil"
                ]
            },
            {
                "name": "Lakshadweep",
                "code": "LD",
                "cities": [
                    "Kavaratti"
                ]
            },
            {
                "name": "Madhya Pradesh",
                "code": "MP",
                "cities": [
                    "Indore",
                    "Bhopal",
                    "Jabalpur",
                    "Gwalior",
                    "Ujjain",
                    "Sagar",
                    "Dewas",
                    "Satna",
                    "Ratlam",
                    "Rewa"
                ]
            },
            {
                "name": "Maharashtra",
                "code": "MH",
                "cities": [
                    "Mumbai",
                    "Pune",
                    "Nagpur",
                    "Thane",
                    "Nashik",
                    "Kalyan-Dombivli",
                    "Vasai-Virar",
                    "Aurangabad",
                    "Navi Mumbai",
                    "Solapur"
                ]
            },
            {
                "name": "Manipur",
                "code": "MN",
                "cities": [
                    "Imphal",
                    "Thoubal",
                    "Bishnupur",
                    "Churachandpur"
                ]
            },
            {
                "name": "Meghalaya",
                "code": "ML",
                "cities": [
                    "Shillong",
                    "Tura",
                    "Jowai"
                ]
            },
            {
                "name": "Mizoram",
                "code": "MZ",
                "cities": [
                    "Aizawl",
                    "Lunglei",
                    "Saiha"
                ]
            },
            {
                "name": "Nagaland",
                "code": "NL",
                "cities": [
                    "Dimapur",
                    "Kohima",
                    "Mokokchung"
                ]
            },
            {
                "name": "Odisha",
                "code": "OR",
                "cities": [
                    "Bhubaneswar",
                    "Cuttack",
                    "Rourkela",
                    "Berhampur",
                    "Sambalpur",
                    "Puri",
                    "Balasore",
                    "Bhadrak",
                    "Baripada"
                ]
            },
            {
                "name": "Puducherry",
                "code": "PY",
                "cities": [
                    "Puducherry",
                    "Karaikal",
                    "Yanam",
                    "Mahe"
                ]
            },
            {
                "name": "Punjab",
                "code": "PB",
                "cities": [
                    "Ludhiana",
                    "Amritsar",
                    "Jalandhar",
                    "Patiala",
                    "Bathinda",
                    "Mohali",
                    "Hoshiarpur",
                    "Pathankot",
                    "Moga"
                ]
            },
            {
                "name": "Rajasthan",
                "code": "RJ",
                "cities": [
                    "Jaipur",
                    "Jodhpur",
                    "Kota",
                    "Bikaner",
                    "Ajmer",
                    "Udaipur",
                    "Bhilwara",
                    "Alwar",
                    "Bharatpur",
                    "Sikar"
                ]
            },
            {
                "name": "Sikkim",
                "code": "SK",
                "cities": [
                    "Gangtok",
                    "Namchi",
                    "Gyalshing"
                ]
            },
            {
                "name": "Tamil Nadu",
                "code": "TN",
                "cities": [
                    "Chennai",
                    "Coimbatore",
                    "Madurai",
                    "Tiruchirappalli",
                    "Salem",
                    "Tirunelveli",
                    "Tiruppur",
                    "Vellore",
                    "Erode",
                    "Thoothukudi",
                    "Dindigul",
                    "Thanjavur",
                    "Ranipet",
                    "Sivakasi",
                    "Karur",
                    "Ooty",
                    "Hosur",
                    "Nagercoil",
                    "Kanchipuram",
                    "Kumarapalayam",
                    "Karaikudi",
                    "Neyveli",
                    "Cuddalore",
                    "Kumbakonam",
                    "Tiruvannamalai",
                    "Dharmapuri",
                    "Krishnagiri",
                    "Nagapattinam",
                    "Pudukkottai",
                    "Ramanathapuram",
                    "Sivaganga",
                    "Theni",
                    "Tiruvarur",
                    "Viluppuram",
                    "Virudhunagar",
                    "Tenkasi",
                    "Chengalpattu",
                    "Kallakurichi",
                    "Tirupathur",
                    "Mayiladuthurai",
                    "Ariyalur",
                    "Namakkal",
                    "Perambalur",
                    "Tiruvallur",
                    "Kanyakumari",
                    "Nilgiris"
                ]
            },
            {
                "name": "Telangana",
                "code": "TG",
                "cities": [
                    "Hyderabad",
                    "Warangal",
                    "Nizamabad",
                    "Karimnagar",
                    "Ramagundam",
                    "Khammam",
                    "Mahbubnagar",
                    "Nalgonda",
                    "Adilabad"
                ]
            },
            {
                "name": "Tripura",
                "code": "TR",
                "cities": [
                    "Agartala",
                    "Udaipur",
                    "Dharmanagar",
                    "Kailasahar"
                ]
            },
            {
                "name": "Uttar Pradesh",
                "code": "UP",
                "cities": [
                    "Lucknow",
                    "Kanpur",
                    "Ghaziabad",
                    "Agra",
                    "Meerut",
                    "Varanasi",
                    "Prayagraj",
                    "Bareilly",
                    "Aligarh",
                    "Moradabad",
                    "Saharanpur",
                    "Gorakhpur",
                    "Noida",
                    "Firozabad",
                    "Jhansi"
                ]
            },
            {
                "name": "Uttarakhand",
                "code": "UK",
                "cities": [
                    "Dehradun",
                    "Haridwar",
                    "Roorkee",
                    "Haldwani",
                    "Rudrapur",
                    "Kashipur",
                    "Rishikesh"
                ]
            },
            {
                "name": "West Bengal",
                "code": "WB",
                "cities": [
                    "Kolkata",
                    "Asansol",
                    "Siliguri",
                    "Durgapur",
                    "Bardhaman",
                    "Malda",
                    "Baharampur",
                    "Habra",
                    "Kharagpur",
                    "Shantipur"
                ]
            }
        ]
    }
]